{
  "properties": {
    "connectionReferences": {
      "shared_sharepointonline": {
        "runtimeSource": "embedded",
        "connection": {
          "connectionReferenceLogicalName": "new_sharedsharepointonline_cae8e"
        },
        "api": {
          "name": "shared_sharepointonline"
        }
      },
      "shared_office365": {
        "runtimeSource": "embedded",
        "connection": {
          "connectionReferenceLogicalName": "new_sharedoffice365_57568"
        },
        "api": {
          "name": "shared_office365"
        }
      },
      "shared_approvals": {
        "runtimeSource": "embedded",
        "connection": {
          "connectionReferenceLogicalName": "dam_sharedapprovals_728ae"
        },
        "api": {
          "name": "shared_approvals"
        }
      },
      "shared_commondataserviceforapps": {
        "runtimeSource": "embedded",
        "connection": {
          "connectionReferenceLogicalName": "dam_sharedcommondataserviceforapps_df472"
        },
        "api": {
          "name": "shared_commondataserviceforapps"
        }
      }
    },
    "definition": {
      "$schema": "https://schema.management.azure.com/providers/Microsoft.Logic/schemas/2016-06-01/workflowdefinition.json#",
      "contentVersion": "1.0.0.0",
      "parameters": {
        "$authentication": {
          "defaultValue": {},
          "type": "SecureObject"
        },
        "$connections": {
          "defaultValue": {},
          "type": "Object"
        }
      },
      "triggers": {
        "Cuando_se_crea_un_elemento": {
          "recurrence": {
            "interval": 1,
            "frequency": "Minute"
          },
          "splitOn": "@triggerOutputs()?['body/value']",
          "type": "OpenApiConnection",
          "inputs": {
            "parameters": {
              "dataset": "https://tajamar365.sharepoint.com/sites/ArkhamTechnologies",
              "table": "6a7c151d-4a11-4ddf-a971-149484cdc76e"
            },
            "host": {
              "apiId": "/providers/Microsoft.PowerApps/apis/shared_sharepointonline",
              "operationId": "GetOnNewItems",
              "connectionName": "shared_sharepointonline"
            }
          }
        }
      },
      "actions": {
        "Modificador": {
          "runAfter": {
            "Iniciar_y_esperar_una_aprobación": [
              "Succeeded"
            ]
          },
          "cases": {
            "Aceptar": {
              "case": "Aceptado",
              "actions": {
                "Enviar_correo_electrónico_(V2)": {
                  "type": "OpenApiConnection",
                  "inputs": {
                    "parameters": {
                      "emailMessage/To": "@triggerBody()?['Email']",
                      "emailMessage/Subject": "Enhorabuena su candidatura ha sido aceptada",
                      "emailMessage/Body": "<p class=\"editor-paragraph\">sbndjhdnasjndunasudn</p>",
                      "emailMessage/Importance": "Normal"
                    },
                    "host": {
                      "apiId": "/providers/Microsoft.PowerApps/apis/shared_office365",
                      "operationId": "SendEmailV2",
                      "connectionName": "shared_office365"
                    }
                  }
                },
                "Actualizar_elemento": {
                  "runAfter": {
                    "Enviar_correo_electrónico_(V2)": [
                      "Succeeded"
                    ]
                  },
                  "type": "OpenApiConnection",
                  "inputs": {
                    "parameters": {
                      "dataset": "https://tajamar365.sharepoint.com/sites/ArkhamTechnologies",
                      "table": "6a7c151d-4a11-4ddf-a971-149484cdc76e",
                      "id": "@triggerBody()?['ID']",
                      "item/Aprobado": true
                    },
                    "host": {
                      "apiId": "/providers/Microsoft.PowerApps/apis/shared_sharepointonline",
                      "operationId": "PatchItem",
                      "connectionName": "shared_sharepointonline"
                    }
                  }
                },
                "Agregar_una_fila_nueva": {
                  "runAfter": {
                    "Actualizar_elemento": [
                      "Succeeded"
                    ]
                  },
                  "type": "OpenApiConnection",
                  "inputs": {
                    "parameters": {
                      "entityName": "new_empleados",
                      "item/new_apellido1": "@outputs('Actualizar_elemento')?['body/Email']",
                      "item/new_cargo": "fvgvv",
                      "item/new_email": "@outputs('Actualizar_elemento')?['body/Email']",
                      "item/new_fecha_contratacion": "@utcNow()",
                      "item/new_idempleado": "53",
                      "item/new_nombre": "@outputs('Actualizar_elemento')?['body/Title']",
                      "item/new_Responsable@odata.bind": "mnjn"
                    },
                    "host": {
                      "apiId": "/providers/Microsoft.PowerApps/apis/shared_commondataserviceforapps",
                      "operationId": "CreateRecord",
                      "connectionName": "shared_commondataserviceforapps"
                    }
                  }
                }
              }
            },
            "Cancelar": {
              "case": "Cancelar",
              "actions": {}
            },
            "BBDD": {
              "case": "BBDD",
              "actions": {
                "Actualizar_elemento_1": {
                  "type": "OpenApiConnection",
                  "inputs": {
                    "parameters": {
                      "dataset": "https://tajamar365.sharepoint.com/sites/ArkhamTechnologies",
                      "table": "6a7c151d-4a11-4ddf-a971-149484cdc76e",
                      "id": "@triggerBody()?['ID']",
                      "item/A_x00f1_adidoaBD": true
                    },
                    "host": {
                      "apiId": "/providers/Microsoft.PowerApps/apis/shared_sharepointonline",
                      "operationId": "PatchItem",
                      "connectionName": "shared_sharepointonline"
                    }
                  }
                }
              }
            }
          },
          "default": {
            "actions": {}
          },
          "expression": "@outputs('Iniciar_y_esperar_una_aprobación')?['body/outcome']",
          "type": "Switch"
        },
        "Iniciar_y_esperar_una_aprobación": {
          "runAfter": {},
          "type": "OpenApiConnectionWebhook",
          "inputs": {
            "parameters": {
              "approvalType": "CustomResponse",
              "WebhookApprovalCreationInput/responseOptions": [
                "Aceptar",
                "Cancelar",
                "BBDD"
              ],
              "WebhookApprovalCreationInput/title": "Tenemos un nuevo candidato llamado @{triggerBody()?['Title']} con nº de tlf @{triggerBody()?['Tel_x00e9_fono']}.\n¿Podrías revisar su candidatura?",
              "WebhookApprovalCreationInput/assignedTo": "ArkhamTechnologies@tajamar365.com",
              "WebhookApprovalCreationInput/details": "Tenemos un nuevo candidato llamado @{triggerBody()?['Title']} con nº de tlf @{triggerBody()?['Tel_x00e9_fono']}.\n¿Podrías revisar su candidatura?",
              "WebhookApprovalCreationInput/itemLink": "@triggerBody()?['{Link}']",
              "WebhookApprovalCreationInput/itemLinkDescription": "Registro del candidato",
              "WebhookApprovalCreationInput/enableNotifications": true,
              "WebhookApprovalCreationInput/enableReassignment": true
            },
            "host": {
              "apiId": "/providers/Microsoft.PowerApps/apis/shared_approvals",
              "operationId": "StartAndWaitForAnApproval",
              "connectionName": "shared_approvals"
            }
          }
        }
      },
      "outputs": {}
    },
    "templateName": null
  },
  "schemaVersion": "1.0.0.0"
}